file,bytes,sha256
CA_school_directory/CDESchoolDirectoryExport.txt,2017477,8745522cb376dc75c92712e28b9fd89b42532508c33b76efeb8e94daea92d772
CA_school_directory/Colleges_in_California.kml,54058,76d1e6e20b389fcb0681a3ff942c26aa110be85b7ae8a261e4cf377b5275fd98
NHGIS/pre_post/nhgis0039_csv/nhgis0039_ds239_20185_tract.csv,39083110,f873892886ee30faf0242b268160479a2e74d583d62a1cc7c728560571aca7d4
NHGIS/pre_post/nhgis0039_csv/nhgis0039_ds240_20185_tract.csv,20018100,93f8c7cdcdf83a88f6d5173ae252897b23b20e2a1683e7a6d28a4798b4aea7fc
NHGIS/pre_post/nhgis0039_csv/nhgis0039_ds267_20235_tract.csv,54821633,de1a894ced3643ce574de0e09802fd34650905da5dd13c3423bd1c6ccfa11016
NHGIS/pre_post/nhgis0039_csv/nhgis0039_ds268_20235_tract.csv,24308490,dd9f3055d6f1878574c4772df02983428432552b645742baa602371994b932f2
NHGIS/pre_post/nhgis0039_csv/nhgis0040_ds267_20235_tract.csv,21875721,81afe06587663e313516502d1d186f2097774c74817ba4e28b63c47e2beb957d
SVI/SVI_Census_tracts/SVI2020_CALIFORNIA_tract.gdb/a00000001.TablesByName.atx,4118,d35816cab7cdba164445458a2aedbe019403df143a0e4400fda9bcfaae084830
SVI/SVI_Census_tracts/SVI2020_CALIFORNIA_tract.gdb/a00000001.gdbindexes,110,80ba95b873e151074244f7655f9e29ce8967aab1bd57ff4c06a329b723a3d46c
SVI/SVI_Census_tracts/SVI2020_CALIFORNIA_tract.gdb/a00000001.gdbtable,335,d09a6bcba76ccc6a264d4524ba370f5acaa18d807ebb8388655361a93a6020e6
SVI/SVI_Census_tracts/SVI2020_CALIFORNIA_tract.gdb/a00000001.gdbtablx,5152,b65d6bdd23b973033884654531d2ed75d5c4e55fd260bf23631bbecf9f7edab5
SVI/SVI_Census_tracts/SVI2020_CALIFORNIA_tract.gdb/a00000002.gdbtable,2055,9efa50dc62a40e109a546054943ae5ad4b3d41aa81ece0dfa026b7b23cb09da8
SVI/SVI_Census_tracts/SVI2020_CALIFORNIA_tract.gdb/a00000002.gdbtablx,5152,f3ac9865dec6ab40e73d91dd1f5c2eef0248e66e359d4abb1d97edba92b5df88
SVI/SVI_Census_tracts/SVI2020_CALIFORNIA_tract.gdb/a00000003.gdbindexes,42,de0911d18e2f304380c04ae123ea18057d262d788301f7cc3148298231c7c618
SVI/SVI_Census_tracts/SVI2020_CALIFORNIA_tract.gdb/a00000003.gdbtable,780,449f09532cef590392cc0162d18d308180ce7dfe20ea3a009556918de9910c30
SVI/SVI_Census_tracts/SVI2020_CALIFORNIA_tract.gdb/a00000003.gdbtablx,5152,d63fd5f8a490aa6aeffde1336e80ce35b5399af5752a72b316570a670b09d167
SVI/SVI_Census_tracts/SVI2020_CALIFORNIA_tract.gdb/a00000004.CatItemsByPhysicalName.atx,4118,32fa4dae057584293da3da147ad453c076d4646cbcd89b210b810c2e08604790
SVI/SVI_Census_tracts/SVI2020_CALIFORNIA_tract.gdb/a00000004.CatItemsByType.atx,4118,cffffae84219f406a5c19bf1be66bc0f803180ba954587f3aaa9a466d951f278
SVI/SVI_Census_tracts/SVI2020_CALIFORNIA_tract.gdb/a00000004.FDO_UUID.atx,4118,1af5c8ae98e1b7830c545aa63d4356e51ab2e0efa749fec308bea4e0fc3293ff
SVI/SVI_Census_tracts/SVI2020_CALIFORNIA_tract.gdb/a00000004.freelist,4440,0c9942927b79580a54c190eb762f107f9fba9fec9beb164697a9ff1c86ae6479
SVI/SVI_Census_tracts/SVI2020_CALIFORNIA_tract.gdb/a00000004.gdbindexes,310,f29887c93b126a3feb0e20958cd73cc774f76ab79284b9c7286dc12eb05db858
SVI/SVI_Census_tracts/SVI2020_CALIFORNIA_tract.gdb/a00000004.gdbtable,117002,c0a91b2f99cce3d0e989036389673369d14740b0f40a3475fc0ad82ac2577355
SVI/SVI_Census_tracts/SVI2020_CALIFORNIA_tract.gdb/a00000004.gdbtablx,5152,a0398b957bd0ce48f4de7e4504da3d4a006a5abb17f8ca5b81c123bacbcc3f08
SVI/SVI_Census_tracts/SVI2020_CALIFORNIA_tract.gdb/a00000004.horizon,32,9fab34115b351a30fb6adb5818d8f08e4dd3a024b7247dbbc61c56929ab6e223
SVI/SVI_Census_tracts/SVI2020_CALIFORNIA_tract.gdb/a00000004.spx,4118,027866f78134de031571290fab2599ab7879bd7df84030ee324b233b891058aa
SVI/SVI_Census_tracts/SVI2020_CALIFORNIA_tract.gdb/a00000005.CatItemTypesByName.atx,12310,5e901522888a8153c398e005ac61c7352e3fe920bf2b7a84d76d2b4caeee9817
SVI/SVI_Census_tracts/SVI2020_CALIFORNIA_tract.gdb/a00000005.CatItemTypesByParentTypeID.atx,4118,d8ba35a73b3e10a55caae8ccf875f10ca3288d1c0d18aad51bf52182b322ec0e
SVI/SVI_Census_tracts/SVI2020_CALIFORNIA_tract.gdb/a00000005.CatItemTypesByUUID.atx,4118,480f1f90818c3dc361c6e9ffc09330781a1c55ba52f7cb1a1925b2d791beba5e
SVI/SVI_Census_tracts/SVI2020_CALIFORNIA_tract.gdb/a00000005.gdbindexes,296,c21e650994b48cc72d174b3caf2ac1bd19e2d7305c8087aaae97e24caecf98a5
SVI/SVI_Census_tracts/SVI2020_CALIFORNIA_tract.gdb/a00000005.gdbtable,2071,457b2ef15090d858e7c3e88d41131d1054b241836d2f4cc6d61d082bbf7e6aa3
SVI/SVI_Census_tracts/SVI2020_CALIFORNIA_tract.gdb/a00000005.gdbtablx,5152,fbe2191ecb633ff3a4c3d449dd4dcd964389c72dc6686aa02f6ce6fcea31cc6f
SVI/SVI_Census_tracts/SVI2020_CALIFORNIA_tract.gdb/a00000006.CatRelsByDestinationID.atx,4118,4ab8d91085859bcf7d680022900b5d072749b3904d5da47f98b0116f477f6200
SVI/SVI_Census_tracts/SVI2020_CALIFORNIA_tract.gdb/a00000006.CatRelsByOriginID.atx,4118,071cbb3e22f7f9ebedd0d40203fd938ac646ef9747978688f49f25f4ad242154
SVI/SVI_Census_tracts/SVI2020_CALIFORNIA_tract.gdb/a00000006.CatRelsByType.atx,4118,977cbde080bcdb9a2b35b955610e57cfb4c3790bc657c01c61d89362d5d82b7d
SVI/SVI_Census_tracts/SVI2020_CALIFORNIA_tract.gdb/a00000006.FDO_UUID.atx,4118,66a78c710ac90e117e01b3662d4b165f784dc28e336f331b82da06373d9efa5e
SVI/SVI_Census_tracts/SVI2020_CALIFORNIA_tract.gdb/a00000006.gdbindexes,318,1919a00326f198a90dc97545ec448c10b2b90d367020222212f7b00433fe09b5
SVI/SVI_Census_tracts/SVI2020_CALIFORNIA_tract.gdb/a00000006.gdbtable,263,c5c38c06d2ae21505c30daf9244dabf9cc6d49b2743c4bb5c16286f234b7677f
SVI/SVI_Census_tracts/SVI2020_CALIFORNIA_tract.gdb/a00000006.gdbtablx,5152,d9c498cb200741d86e8fd4adbd17f8b5dd4f35abf4dfad3f88239c84ac999d0e
SVI/SVI_Census_tracts/SVI2020_CALIFORNIA_tract.gdb/a00000007.CatRelTypesByBackwardLabel.atx,12310,1d51717d5b9de760d2488edb544637d875f131ad96483b96bf95aecff7f679d5
SVI/SVI_Census_tracts/SVI2020_CALIFORNIA_tract.gdb/a00000007.CatRelTypesByDestItemTypeID.atx,4118,655a5548325b8adf939e69851f9f52ae3b61244d998df60811169142a1a77648
SVI/SVI_Census_tracts/SVI2020_CALIFORNIA_tract.gdb/a00000007.CatRelTypesByForwardLabel.atx,12310,c3471d1b80a6cc2ac1a094743a52f72a6dd6bbcca787604cacaa0ba409a9b583
SVI/SVI_Census_tracts/SVI2020_CALIFORNIA_tract.gdb/a00000007.CatRelTypesByName.atx,12310,3e4d57cabb14dc7b1f3510441e0b5ebd94f01e7412f272993b98502eea3d9577
SVI/SVI_Census_tracts/SVI2020_CALIFORNIA_tract.gdb/a00000007.CatRelTypesByOriginItemTypeID.atx,4118,9c7f665eb045df2a910a6800d0919af507bed2a42d2e9547a4004ba235fec5de
SVI/SVI_Census_tracts/SVI2020_CALIFORNIA_tract.gdb/a00000007.CatRelTypesByUUID.atx,4118,209099cc5bdb713a603488740c831b805af7138397499f5d946a2c8aed69d446
SVI/SVI_Census_tracts/SVI2020_CALIFORNIA_tract.gdb/a00000007.gdbindexes,602,dc98e24d04eddd7f38905d176c1ea43c547a3a2daa0c80091a20d3443c726621
SVI/SVI_Census_tracts/SVI2020_CALIFORNIA_tract.gdb/a00000007.gdbtable,3626,f6cc24256e330ab468b5c594309b1493c2028fe072c9f13e5fe41b2084ce9a16
SVI/SVI_Census_tracts/SVI2020_CALIFORNIA_tract.gdb/a00000007.gdbtablx,5152,1d81aa3c399da5feba68a24ae6461edfca18cfaa9d81a1f1dab9b8b8a64e590c
SVI/SVI_Census_tracts/SVI2020_CALIFORNIA_tract.gdb/a00000009.gdbindexes,116,760bd4864717c60d5e7c0c6461a622062680e6f79f51250f49456aa609b43774
SVI/SVI_Census_tracts/SVI2020_CALIFORNIA_tract.gdb/a00000009.gdbtable,11904701,81ac7250cc71ad75a9a248b5882486f44e9d3101bdbd9c5bd07eacad09ba6c4d
SVI/SVI_Census_tracts/SVI2020_CALIFORNIA_tract.gdb/a00000009.gdbtablx,46112,6109aa9b2e711cc57fca34f934339f6592d0a5c6e83ff3b0b8dbe17c5c9c1b07
SVI/SVI_Census_tracts/SVI2020_CALIFORNIA_tract.gdb/a00000009.horizon,32,9fab34115b351a30fb6adb5818d8f08e4dd3a024b7247dbbc61c56929ab6e223
SVI/SVI_Census_tracts/SVI2020_CALIFORNIA_tract.gdb/a00000009.spx,135190,ca4e6527d2000de22ff690c68e667b99ab186b51898ab5f8ec31813e28162c20
SVI/SVI_Census_tracts/SVI2020_CALIFORNIA_tract.gdb/gdb,4,2594b6a92ebfb1c3312deb7d01c015fb95e9fbe9bd7bc6b527af07813ec7b910
SVI/SVI_Census_tracts/SVI2020_CALIFORNIA_tract.gdb/timestamps,400,01e6757531400906a80df34da421688c1d2bd7b1aaec28c630249a7d9db6ae36
SVI/SVI_Census_tracts/SVI_2014.csv,6800344,019fd81a77b1d6ac121a628003ed5a00f150e88c8aab62ebeca196add6947dd6
SVI/SVI_Census_tracts/SVI_2016_CA.csv,5902670,599803dd5f15b440e92d45b34b84f7f46b55596be5ac872c328f402708688705
SVI/SVI_Census_tracts/SVI_2018_CA.csv,4943165,6631511ac34f2a671f4201c31ffc8819619ee808a8eb2096f177b13540138a3c
SVI/SVI_Census_tracts/SVI_2020.csv,6699687,3a579e60384a14a6c356f04e54ecef9c6ee197c4eb25e402044a9580ac2dcd60
SVI/SVI_Census_tracts/SVI_2022.csv,6741912,dfe0608c64100088426838e9514658d48bd3387b9f605bbeb1be31d9d050658e
geographic_boundaries/ca_counties/Ca_County_shp/cnty19_1_basicplus.cpg,5,3ad3031f5503a4404af825262ee8232cc04d4ea6683d42c5dd0a2f2a27ac9824
geographic_boundaries/ca_counties/Ca_County_shp/cnty19_1_basicplus.dbf,6601,82c8d05881a2d016ef3db91e55a8379c9dd24fef8d3b25dcb5c833d6bacb8eb5
geographic_boundaries/ca_counties/Ca_County_shp/cnty19_1_basicplus.prj,145,a02a27b1d1982c8516d83398e85a3c8b1aef1713c13ef4d84d7bde17430c07c4
geographic_boundaries/ca_counties/Ca_County_shp/cnty19_1_basicplus.shp,12487696,979ca80666aebc33405b67c8719021f37121044775d38070dd88b6150c627622
geographic_boundaries/ca_counties/Ca_County_shp/cnty19_1_basicplus.shx,652,dd584993a656a123f0b54c67288428cf3dd444cb27294c9b1cb4a4f93f4f179e
geographic_boundaries/ca_tracts_2022/tl_2022_06_tract.cpg,5,3ad3031f5503a4404af825262ee8232cc04d4ea6683d42c5dd0a2f2a27ac9824
geographic_boundaries/ca_tracts_2022/tl_2022_06_tract.dbf,977221,6554dbf1ade41cc437df8768066aa4fae53570720626c798cdbcc2571c9d8fe5
geographic_boundaries/ca_tracts_2022/tl_2022_06_tract.prj,165,0b9041e921d9ebb43247d314608fe9e38a0b008ee793067fc1806199ea1fb9dd
geographic_boundaries/ca_tracts_2022/tl_2022_06_tract.shp,51600108,cc7a9a3a17da902860a2231f024abb5242204dd8781b643e2074abf77734c8a9
geographic_boundaries/ca_tracts_2022/tl_2022_06_tract.shp.ea.iso.xml,21537,92f84acea2c9c1a7de272d2a70ae7b0564e65ec11888df36d56607e24e2417ad
geographic_boundaries/ca_tracts_2022/tl_2022_06_tract.shp.iso.xml,53679,e26981adeadcd7ac4eb1f7c1bfa224b7abfd30e7175740b101a625546a011c30
geographic_boundaries/ca_tracts_2022/tl_2022_06_tract.shx,73132,5d8e06eab52883c730ceeef524b55458294713e23de97abf7678ba49941726b8
geographic_boundaries/counties/CA_Counties.cpg,5,3ad3031f5503a4404af825262ee8232cc04d4ea6683d42c5dd0a2f2a27ac9824
geographic_boundaries/counties/CA_Counties.dbf,20420,d3f0f7b2b8b1c5585c13e9a4dfbab25b92c2d7e16d0c1eaee090d3457d188e98
geographic_boundaries/counties/CA_Counties.prj,425,f2e7fb14d55bdd8d6a3bc2c272a48729d8f9d0ad72936e20eae6a9a81c2fccd0
geographic_boundaries/counties/CA_Counties.sbn,732,d2e156dbbd795e279ab7a1b0d801b60c857051c5e66fe8322d01e559feaf7b98
geographic_boundaries/counties/CA_Counties.sbx,164,231e35220aa7241cc95ebaaec210ac7a5d6db1215346f0cc936e0205ca2b2199
geographic_boundaries/counties/CA_Counties.shp,3862640,119ba6e074f03ac7b0dd50e462e026e31b71e02d93564990d78dab1b9760a80c
geographic_boundaries/counties/CA_Counties.shp.xml,14678,34e49ae2851239280e30bbc0a9f2e079ffae2fce85a3d6dfebb9badeadddae11
geographic_boundaries/counties/CA_Counties.shx,564,3279ad8d3a7aa1723c7c06e8227543b48a66a75277260b71d8cde55a03d8d7b6
school_related/16-17/cgr12mo17.txt,55186970,80395e116f310a72dea0e62def4c17f02abe28f413720afea3ce2dda65a6a1be
school_related/16-17/chronicabsenteeism17.txt,22972823,02194ad4fc70dafe3e81343cdd748665924ea07be388177e227591115346c1fa
school_related/16-17/frpm1617.xls,5436928,91ee62111d319326f539b37d2057c9dfa2114796762be7714d4b31a2c9673eb5
school_related/16-17/sb_ca2017_1_csv_v2.txt,20509094,c77af920c956474ae854076d60d869ef73a9755e6ca83c94f199b9b05b093fb9
school_related/17-18/cgr12mo18.txt,55752608,ff7cec7890a513b3890d92a39cfe996ac3391046db0d3e8f6b2608ac484be255
school_related/17-18/chronicabsenteeism18.txt,22990923,3202f4c674a2338f708869813ebf6b23b8cf24daae91f3a7bebefa44c97b94aa
school_related/17-18/frpm1718.xlsx,2197522,be96d37c2f4f17f6f72764bdc3b0ee57d66f272a8e7cc76969e26186de2a6ffb
school_related/17-18/sb_ca2018_1_csv_v3.txt,20551833,13f2230f1d2804afb0fb6b53011da1fcd60cce3a6dae1390e0bbf3d623b58fa8
school_related/18-19/cgr12mo19.txt,56861736,1d8df34f6bbdb4303184d5a8226500537d4d912b14080f633fac0750763eb47b
school_related/18-19/chronicabsenteeism19.txt,22961927,59cc16c3d73e5dcbf3a2f80af8495c9d88c586249e328b7d55d5f83f5747eaf7
school_related/18-19/essappe1819data.xlsx,805428,742af88f39477b9a0ed22f8df5891c19e578b05d35a5e4b93a94f9485e0ea369
school_related/18-19/frpm1819.xlsx,2219336,1cc3efc60adc823378d921ddbbe289e27642525227082effb61f9aa3ec641a6e
school_related/18-19/sb_ca2019_1_csv_v4.txt,21316605,361eef6a0c84468b6a7011da9165e664f0cdc56b56219a4cc1a705b032207c28
school_related/20-21/cgr12mo21.txt,25670782,ca798d82c1a6169906001a143c653e0f10fcec1b7923958e48c35e9ce6ebe2ee
school_related/20-21/chronicabsenteeism21.txt,24573192,724daa110001d6638808f0fc5daef91c9a68ab114bb17992fa89408f903e599c
school_related/20-21/essappe2021data.xlsx,821482,5bf7fc3141ea20ead696c98810b76928d3352d236600a6274b9ecdbcebff6c5d
school_related/20-21/frpm2021.xlsx,2228494,c6c3017257a3ac501ca845d1e5ad83e051c6f8156125cf7b2fb88d9f90e1e4a4
school_related/20-21/sb_ca2021_1_csv_v2.txt,9064505,a6048912982b031d3d4efd1007402d272c5e007ab3a75d20bdbe7218e6756b19
school_related/21-22/cgr12mo22.txt,26357096,e0395350a1a2b7100afd328cc58f709b67a35c10d41057c8e5dbec79f04e1ab6
school_related/21-22/chronicabsenteeism22-v3.txt,33883171,18698d3714606e9751b7e3c69971f36cddc6d8aacb9bbb819badfa98d0e55403
school_related/21-22/essappe2122data.xlsx,846520,c17c27fa8518103f586bd89edeb4036fbc0049b778ce21120620e268134163ba
school_related/21-22/frpm2122_v2.xlsx,1975598,616bcfe3d8c7a29c943f43c81f8b037c89693b159e26aa672be0959be7e9bb6b
school_related/21-22/sb_ca2022_studentgroup1.txt,14741495,483a64620531b58eab583701beaf4b2c652b6a606f5d50719d20342262f00081
school_related/22-23/cgr12mo23.txt,26662057,d57379f76a2038af0e0bbc7aaa761fca27ef9a4c3b94ba904e6ce37c6a21b727
school_related/22-23/chronicabsenteeism23.txt,33317660,73c3995ddb1906431c4d9c22e64a2769170dc37b92de479bdf3cabf765a3c65f
school_related/22-23/essappe2223data.xlsx,857160,d9f4651512c552508ebb23a9c50b154dfb7321e6b78d6886355125b0269c91fb
school_related/22-23/frpm2223.xlsx,1998505,a3f5ebabafbb4aeaf6ba6f6acf95743015fef01e90af9bd0092592f0696d8a45
school_related/22-23/sb_ca2023_studentgroup1.txt,14734058,a686e86fe1130001ce871712a70cb8ccaa0d983c6279008be0328435f0cc854a
school_related/CEnroll2021.txt,19822579,ac4f41f0ac3814942b37ef159d61f701fa8620d29557f6fa664283cf8b8a8f43
school_related/ClassCodes.xlsx,457356,566271fb31e9c4f9660e9e3f27500a6bc7d4a2290715a68444c6a36dd2646f38
school_related/StaffCred18.txt,27110596,a50e5d7b44d7608077f00796df1c14266c55b46522fe6800aaeece459cb101a4
school_related/StaffDemo18.txt,36935373,0b8e32f975d77e5509432d69b826618ae70810e11231df03ac9b8b894f25eae8
school_related/StaffSchoolFTE18.txt,40852537,93d7e713579089e6b178cd5d5b18f3ead5fd824be723fef8af349c8a3e47be46
school_related/absent_2021.txt,24573192,724daa110001d6638808f0fc5daef91c9a68ab114bb17992fa89408f903e599c
school_related/essappe2021data.xlsx,821336,6985d196522a26a2c4aa31f1dd0e84681acf7755d7d7fb95eb5474e62fe046ea
school_related/free_reduced_2021.xlsx,1703628,236f20704627bf822bcf1758a104f1ea948c97f0cf3c881195241599d9e3e508
school_related/test_scores/cast_ca2021_1_csv_v2.txt,2441976,4a0ca04d3ac939e139b8bee6cd25fd8f5d91a72befd70c05263d27d932e2097e
school_related/test_scores/cast_ca2021entities_csv.txt,921036,4e9be94d2ddff4d78a1fb392a1d4e19c8e9240d43e0515b7fd3b64bcded9e82b
school_related/test_scores/sb_ca2021entities_csv.txt,938836,6acdc3e8afb5ed031d1e06f59d6a91fb901067928bc7c573cb2402b75b8b7e23
